<?xml version="1.0" encoding="UTF-8" standalone="no"?>
<!DOCTYPE properties SYSTEM "http://java.sun.com/dtd/properties.dtd">
<properties>
<comment>NWTIS lurajcevi</comment>
<entry key="emailPosluzitelj">localhost</entry>
<entry key="emailPort">143</entry>
<entry key="username">lurajcevi@nwtis.nastava.foi.hr</entry>
<entry key="password">123456</entry>
<entry key="trazeniPredmet">poruka</entry>
<entry key="interval">60</entry>
<entry key="NWTiS_galerije">galerije</entry>
<entry key="NWTiS_OstalePoruke">NWTiS_OstalePoruke</entry>
<entry key="NWTiS_IspravnePoruke">NWTiS_IspravneePoruke</entry>
<entry key="NWTiS_NeispravnePoruke">NWTiS_NeispravnePoruke</entry>
<entry key="NWTiS_PorukaAdresa">lurajcevi@nwtis.nastava.foi.hr</entry>
<entry key="NWTiS_PorukaPredmet">Statistika poruka</entry>
<entry key="NWTiS_PorukaPoslanaMapa">Poslano</entry>
<entry key="stranicenje">3</entry>
</properties>