<?xml version="1.0" encoding="UTF-8" standalone="no"?>
<!DOCTYPE properties SYSTEM "http://java.sun.com/dtd/properties.dtd">
<properties>
<comment>NWTIS lurajcevi</comment>
<entry key="lozinka">123456</entry>
<entry key="admin">pero</entry>
<entry key="port">8000</entry>
<entry key="evidencija">NWTiS_evidencija.bin</entry>
<entry key="port">8000</entry>
<entry key="brojDretvi">5</entry>
<entry key="pauza">10</entry>
<entry key="interval">10</entry>
<entry key="dnevnik">NWTiS_dnevnik.txt</entry>
<entry key="brojPokusaja">7</entry>
</properties>